step,object,x,y,zoom,page,question,answer,alt_text,layer1_button,layer1_content,layer2_button,layer2_content,clip_start,clip_end,loop
paso,objeto,x,y,zoom,pagina,pregunta,respuesta,texto_alt,boton1,contenido1,boton2,contenido2,inicio_clip,fin_clip,bucle
1,telar-placeholder,0.5,0.5,1,," How was this vessel made, and what is it used for?","The vessel was made from clay using an intricate method of molding, coiling, modeling and stamping. For, vessels with stirrup spout the clay contained fine-grained sand. The two basic colors were red and white which came from clay, ash, and other organic materials, with the vessel being polished with a hard rock to smooth it. The object seems to have been for religious and consumption uses, although the impractical nature of the spout suggests a less casual use. 
",,Learn more,blank_template-more-info.md,,,,,
2,telar-placeholder,0.5,0.5,1,,"How does the corn design on the vessel relate to Moche culture? ","The Moche people were very masterful in crafting unique, brilliant pieces of pottery and ceramics while incorporating aspects of everyday life. In Moche culture, corn was extremely important because it was a major food source and a symbol of successful agriculture. The Moche incorporated corn into their ceramics and pottery to emphasize the importance of agriculture in their lives and to show how corn was, and continued to have a strong presence. Some vessels were also used to hold chicha (maize beer), which further connects corn and Moche ceramics. They used corn to show daily life, and a more overarching idea of survival and power. 
",,Learn more,blank_template-learn-more.md,,,,,
3,telar-placeholder,0.5,0.5,1,,"Who is represented on this Moche vessel, and why is this figure important to the Moche people?","The face on the Moche vessel represents a powerful god called Ai Apaec. The Moche people believed he was an important creator and protector. He was connected to nature, power, and religious ceremonies. Ai Apaec is often shown with large fangs, a feather headdress, and serpent features to show his power. Since the Moche didn’t develop or leave evidence of a writing system, archaeologist Rafael Larco Hoyle gave him the name “Ai Apaec,” which means “The Creator” in the Muchik language, but no one knows the figure’s original name. The repeated appearance of this face on many Moche artworks and stirrup spout vessels suggests that the figure was important in Moche culture and religion.
",,Learn more,blank_template-step3-layer1.md,,,,,
4,,0.5,0.5,1,,What did they store inside the vessel?,,,,,,,,,
5,,0.5,0.5,1,,How is it used in a spiritual sense?,"The Ai Apaec was represented by a ceramic stirrup vessel that was spiritually used in ceremonies and burial traditions. Since Moche culture was rooted in agriculture, having the vessel resemble a corn cob was a way of connecting the world of the living with the divine. Many rulers requested that the vessel should travel with them to the afterlife as a way to carry and keep power and protection forever.
",,Learn more,blank_template-step5-layer1.md,,,,,
6,,0.5,0.5,1,,THANK YOU!,,,,,,,,,